{"cameraMode":{"drawMode":0,"name":"Shaded","section":"Shading Mode"},"sceneLighting":false,"audioPlay":false,"sceneViewState":{"showFog":true,"showMaterialUpdate":false,"showSkybox":true,"showFlares":true,"showImageEffects":true,"showParticleSystems":true},"in2DMode":false,"pivot":{"x":0.021205484867095948,"y":0.41764071583747866,"z":-0.25433552265167239},"rotation":{"x":-0.008614197373390198,"y":0.991365909576416,"z":-0.0957743301987648,"w":-0.08916392922401428},"size":1.295454978942871,"orthographic":false}